username	all	month	week
a6ad00ac113a19d953efb91820d878	3.26195090439	0.143171296296	0.648313492063
331f9e3859ae7f3c457498d423d29d	1.79685054773	0.0	0.350198412698
a2b3f3a37d9cb85bcbab801af394bd	0.73247452334	0.0	0.587301587302
b8606cdd2d3eec8069f72b8ce27ed2	0.00489643575234	0.0613425925926	0.0585317460317
e0ff150ec84ed84acac7e5a7f9c91e	3.05509868421	0.376967592593	1.09970238095
