username	all	month	week
b8606cdd2d3eec8069f72b8ce27ed2	0.0296953894545	0.0	0.0
a2b3f3a37d9cb85bcbab801af394bd	0.576881985536	0.0	0.0
a6ad00ac113a19d953efb91820d878	2.51134528424	0.0	0.0
331f9e3859ae7f3c457498d423d29d	1.63703051643	0.0	0.0
e0ff150ec84ed84acac7e5a7f9c91e	1.88879751462	0.0	0.0
